id,first_name,last_name,email,gender,about_me
1,Zacharias,Thunnercliff,zthunnercliff0@w3.org,M,I am Zacharias Thunnercliff.
1,Zacharias,Thunnercliff,zthunnercliff0@w3.org,M,I am Zacharias Thunnercliff.
2,Meredeth,Andrew,mashforth1@virginia.edu,M,I am Meredeth Andrew.
2,Meredeth,Andrew,mashforth1@virginia.edu,M,I am Meredeth Andrew.
3,Lester,Mynard,Mynard@gmail.com,M,I am Lester Mynard.
4,Peyton,Artrick,partrick3@soup.io,M,I am Peyton Artrick.
5,Willi,Warnes,wwarnes4@businessinsider.com,M,I am Willi Warnes.
6,Merwyn,Wheaton,mwheaton5@nps.gov,M,I am Merwyn Wheaton.
7,Kellie,Adamsen,kadamsen6@reference.com,F,I am Kellie Adamsen.
8,Ahmad,Hunston,ahunston7@hubpages.com,M,I am Ahmad Hunston.
9,Bianka,Kordova,bkordova8@telegraph.co.uk,F,I am Bianka Kordova.
10,Cullin,Crossland,,M,I am Cullin Crossland.
11,Odella,Klemenz,oklemenza@altervista.org,F,I am Odella Klemenz.
12,Petronia,Poznanski,ppoznanskib@google.es,F,I am Petronia Poznanski.
13,Lyell,Schoroder,lschoroderc@buzzfeed.com,M,I am Lyell Schoroder.
14,Saidee,McAloren,smcalorend@wordpress.org,F,I am Saidee McAloren.
15,Thibaud,Harrild,tharrilde@statcounter.com,M,I am Thibaud Harrild.
16,Joann,Ciciotti,jciciottif@gnu.org,F,I am Joann Ciciotti.
17,Tania,Rowsel,trowselg@spiegel.de,F,I am Tania Rowsel.
18,Elsa,Renbold,erenboldh@disqus.com,F,I am Elsa Renbold.
19,Paulita,Illsley,pillsleyi@xing.com,F,I am Paulita Illsley.
20,Mei,Greason,,F,I am Mei Greason.
21,Roberto,Tume,rtumek@indiatimes.com,M,I am Roberto Tume.
22,Ealasaid,De Cruze,edecruzel@instagram.com,F,I am Ealasaid De Cruze.
23,Sissy,Gilbank,sgilbankm@stanford.edu,F,I am Sissy Gilbank.
24,Daffy,Figgures,dfigguresn@disqus.com,F,I am Daffy Figgures.
25,Maddie,Camber,mcambero@hud.gov,F,I am Maddie Camber.
26,Quillan,McWhorter,qmcwhorterp@goo.ne.jp,M,I am Quillan McWhorter.
27,Ricoriki,Stabbins,rstabbinsq@examiner.com,M,I am Ricoriki Stabbins.
28,Clea,Shuxsmith,cshuxsmithr@about.com,F,I am Clea Shuxsmith.
29,Oswell,Asipenko,oasipenkos@skyrock.com,M,I am Oswell Asipenko.
30,Jorie,Muehler,jmuehlert@buzzfeed.com,F,I am Jorie Muehler.
31,Jacquelyn,Vedekhov,jvedekhovu@e-recht24.de,F,I am Jacquelyn Vedekhov.
32,Gavra,Harrington,gharringtonv@paypal.com,F,I am Gavra Harrington.
33,Calley,Gregoriou,cgregoriouw@howstuffworks.com,F,I am Calley Gregoriou.
34,Doll,Jayne,djaynex@cisco.com,F,I am Doll Jayne.
35,Danika,Keysel,dkeysely@google.es,F,I am Danika Keysel.
36,Audie,Haslam,ahaslamz@blogger.com,F,I am Audie Haslam.
37,Caty,O'Corr,cocorr10@howstuffworks.com,F,I am Caty O'Corr.
38,Findlay,Pesticcio,fpesticcio11@icio.us,M,I am Findlay Pesticcio.
39,Fayina,Coger,fcoger12@google.fr,F,I am Fayina Coger.
40,Mariejeanne,Ernshaw,mernshaw13@mlb.com,F,I am Mariejeanne Ernshaw.
41,Warde,Gleasane,wgleasane14@dot.gov,M,I am Warde Gleasane.
42,Bobbie,Elphinstone,belphinstone15@photobucket.com,F,I am Bobbie Elphinstone.
43,Whit,Aveling,waveling16@uol.com.br,M,I am Whit Aveling.
44,Sibyl,Leathwood,sleathwood17@slashdot.org,F,I am Sibyl Leathwood.
45,Brita,Bulger,bbulger18@blogspot.com,F,I am Brita Bulger.
46,Yettie,Guillerman,yguillerman19@uiuc.edu,F,I am Yettie Guillerman.
47,Bary,McEntagart,bmcentagart1a@telegraph.co.uk,M,I am Bary McEntagart.
48,Rad,Egar,regar1b@wunderground.com,M,I am Rad Egar.
49,Archaimbaud,Lydford,alydford1c@wiley.com,M,I am Archaimbaud Lydford.
50,Giffie,McMichell,gmcmichell1d@seesaa.net,M,I am Giffie McMichell.
51,Wildon,Weyland,wweyland1e@webnode.com,M,I am Wildon Weyland.
52,Rafaello,Eilert,reilert1f@wunderground.com,M,I am Rafaello Eilert.
53,Bethany,Pavlovsky,bpavlovsky1g@desdev.cn,F,I am Bethany Pavlovsky.
54,Sammy,MacKibbon,smackibbon1h@bigcartel.com,F,I am Sammy MacKibbon.
55,Sidonia,MacIlraith,smacilraith1i@bbb.org,F,I am Sidonia MacIlraith.
56,Blair,Sagg,bsagg1j@bing.com,F,I am Blair Sagg.
57,Dominick,Pepys,dpepys1k@smugmug.com,M,I am Dominick Pepys.
58,Lorens,Gibbeson,lgibbeson1l@walmart.com,M,I am Lorens Gibbeson.
59,Harbert,Bloxsome,hbloxsome1m@live.com,M,I am Harbert Bloxsome.
60,Rip,Tremelling,rtremelling1n@google.com.hk,M,I am Rip Tremelling.
61,Kaela,Jesse,kjesse1o@de.vu,F,I am Kaela Jesse.
62,Elsa,Pescud,epescud1p@studiopress.com,F,I am Elsa Pescud.
63,Ashli,MacBrearty,amacbrearty1q@nymag.com,F,I am Ashli MacBrearty.
64,Kyle,Mullally,kmullally1r@scribd.com,M,I am Kyle Mullally.
65,Keary,Michelin,kmichelin1s@devhub.com,M,I am Keary Michelin.
66,Paulita,Blaskett,pblaskett1t@umn.edu,F,I am Paulita Blaskett.
67,Leoline,Pasquale,lpasquale1u@51.la,F,I am Leoline Pasquale.
68,Orelia,Oliphard,ooliphard1v@livejournal.com,F,I am Orelia Oliphard.
69,Petunia,Ashton,pashton1w@usa.gov,F,I am Petunia Ashton.
70,Demetrius,Francillo,dfrancillo1x@uiuc.edu,M,I am Demetrius Francillo.
71,Chryste,Snasdell,csnasdell1y@360.cn,F,I am Chryste Snasdell.
72,Barrett,Carlesso,bcarlesso1z@arstechnica.com,M,I am Barrett Carlesso.
73,Angelina,Liverseege,aliverseege20@samsung.com,F,I am Angelina Liverseege.
74,Sigismond,Hissett,shissett21@meetup.com,M,I am Sigismond Hissett.
75,Grover,Sturdgess,gsturdgess22@shop-pro.jp,M,I am Grover Sturdgess.
76,Calli,Ramsey,cramsey23@furl.net,F,I am Calli Ramsey.
77,Aurel,Connue,aconnue24@newsvine.com,F,I am Aurel Connue.
78,Franchot,MacCaughey,fmaccaughey25@wsj.com,M,I am Franchot MacCaughey.
79,Payton,Langford,plangford26@acquirethisname.com,M,I am Payton Langford.
80,Jessa,Bison,jbison27@deliciousdays.com,F,I am Jessa Bison.
81,Morlee,Preshous,mpreshous28@cbsnews.com,M,I am Morlee Preshous.
82,Der,Sturzaker,dsturzaker29@walmart.com,M,I am Der Sturzaker.
83,Iago,Kerbler,ikerbler2a@cbslocal.com,M,I am Iago Kerbler.
84,Zebadiah,Primak,zprimak2b@ucla.edu,M,I am Zebadiah Primak.
85,Evanne,Camidge,ecamidge2c@mozilla.com,F,I am Evanne Camidge.
86,Conrad,Burniston,cburniston2d@dyndns.org,M,I am Conrad Burniston.
87,Gibb,Rahlof,grahlof2e@qq.com,M,I am Gibb Rahlof.
88,Roxine,Dary,rdary2f@github.io,F,I am Roxine Dary.
89,Duff,Holtum,dholtum2g@hc360.com,M,I am Duff Holtum.
90,Tommie,Penhalurick,tpenhalurick2h@sfgate.com,M,I am Tommie Penhalurick.
91,Kennith,Turville,kturville2i@microsoft.com,M,I am Kennith Turville.
92,Frederic,Vasyaev,fvasyaev2j@soundcloud.com,M,I am Frederic Vasyaev.
93,Dorena,Alanbrooke,dalanbrooke2k@spotify.com,F,I am Dorena Alanbrooke.
94,Sanson,Lockyear,slockyear2l@oracle.com,M,I am Sanson Lockyear.
95,Guglielma,Moult,gmoult2m@tumblr.com,F,I am Guglielma Moult.
96,Hally,Whitesel,hwhitesel2n@geocities.com,F,I am Hally Whitesel.
97,Eldin,Lourens,elourens2o@ifeng.com,M,I am Eldin Lourens.
98,Halley,Sawley,hsawley2p@simplemachines.org,F,I am Halley Sawley.
99,Dore,Willstrop,dwillstrop2q@deliciousdays.com,F,I am Dore Willstrop.
100,Krystyna,Reignard,kreignard2r@meetup.com,F,I am Krystyna Reignard.
101,Morse,Krojn,mkrojn2s@aol.com,M,I am Morse Krojn.
102,Tate,Caplan,tcaplan2t@eventbrite.com,M,I am Tate Caplan.
103,Deloria,Pordall,dpordall2u@hc360.com,F,I am Deloria Pordall.
104,Jori,Scammonden,jscammonden2v@msu.edu,F,I am Jori Scammonden.
105,Allegra,Gainsborough,againsborough2w@1und1.de,F,I am Allegra Gainsborough.
106,Regina,Castledine,rcastledine2x@independent.co.uk,F,I am Regina Castledine.
107,Jory,Fehners,jfehners2y@theguardian.com,M,I am Jory Fehners.
108,Forrester,Goldsbury,fgoldsbury2z@dailymail.co.uk,M,I am Forrester Goldsbury.
109,Xerxes,Le Barr,xlebarr30@adobe.com,M,I am Xerxes Le Barr.
110,Bridgette,Mouth,bmouth31@boston.com,F,I am Bridgette Mouth.
111,Torrin,Wooffitt,twooffitt32@surveymonkey.com,M,I am Torrin Wooffitt.
112,Alexis,Peevor,apeevor33@ca.gov,M,I am Alexis Peevor.
113,Alberik,Blinckhorne,ablinckhorne34@google.de,M,I am Alberik Blinckhorne.
114,Robenia,Morritt,rmorritt35@prlog.org,F,I am Robenia Morritt.
115,Birch,McElhinney,bmcelhinney36@unblog.fr,M,I am Birch McElhinney.
116,Trenton,Braisher,tbraisher37@princeton.edu,M,I am Trenton Braisher.
117,Nedi,Polly,npolly38@dot.gov,F,I am Nedi Polly.
118,Angele,Kayser,akayser39@livejournal.com,F,I am Angele Kayser.
119,Talyah,Koomar,tkoomar3a@quantcast.com,F,I am Talyah Koomar.
120,Sophia,Loveard,sloveard3b@samsung.com,F,I am Sophia Loveard.
121,Dun,Newbatt,dnewbatt3c@cmu.edu,M,I am Dun Newbatt.
122,Ursulina,Pollok,upollok3d@drupal.org,F,I am Ursulina Pollok.
123,Barthel,Grundy,bgrundy3e@chicagotribune.com,M,I am Barthel Grundy.
124,Chrystel,Beamand,cbeamand3f@bbb.org,F,I am Chrystel Beamand.
125,Norman,Parkman,nparkman3g@sphinn.com,M,I am Norman Parkman.
126,Ethyl,Pindell,epindell3h@buzzfeed.com,F,I am Ethyl Pindell.
127,Arline,Brindle,abrindle3i@cmu.edu,F,I am Arline Brindle.
128,Willie,Roly,wroly3j@facebook.com,F,I am Willie Roly.
129,Ethelred,Carville,ecarville3k@sciencedaily.com,M,I am Ethelred Carville.
130,Roseline,Bercher,rbercher3l@mac.com,F,I am Roseline Bercher.
131,Morgan,Cescoti,mcescoti3m@soup.io,F,I am Morgan Cescoti.
132,Willabella,Howley,whowley3n@illinois.edu,F,I am Willabella Howley.
133,Chane,Bartell,cbartell3o@jimdo.com,M,I am Chane Bartell.
134,Elbert,Kipping,ekipping3p@weather.com,M,I am Elbert Kipping.
135,Mikaela,Drayn,mdrayn3q@nhs.uk,F,I am Mikaela Drayn.
136,Esdras,Moquin,emoquin3r@cam.ac.uk,M,I am Esdras Moquin.
137,Steve,Kienl,skienl3s@weebly.com,M,I am Steve Kienl.
138,Beaufort,Fowlston,bfowlston3t@apache.org,M,I am Beaufort Fowlston.
139,Odie,Paoletti,opaoletti3u@imgur.com,M,I am Odie Paoletti.
140,Emma,Fawkes,efawkes3v@youtu.be,F,I am Emma Fawkes.
141,Mara,Dell Casa,mdellcasa3w@google.com.au,F,I am Mara Dell Casa.
142,Dedra,McGarahan,dmcgarahan3x@shareasale.com,F,I am Dedra McGarahan.
143,Melicent,Wanne,mwanne3y@java.com,F,I am Melicent Wanne.
144,Antoni,Paffitt,apaffitt3z@tuttocitta.it,M,I am Antoni Paffitt.
145,Worden,Cullum,wcullum40@yolasite.com,M,I am Worden Cullum.
146,Sayre,Cardall,scardall41@elegantthemes.com,M,I am Sayre Cardall.
147,Michelle,Roswarn,mroswarn42@desdev.cn,F,I am Michelle Roswarn.
148,Margot,Breacher,mbreacher43@blogs.com,F,I am Margot Breacher.
149,Matty,Rushbrooke,mrushbrooke44@comsenz.com,F,I am Matty Rushbrooke.
150,Althea,Harker,aharker45@list-manage.com,F,I am Althea Harker.
151,Gerek,Peto,gpeto46@wufoo.com,M,I am Gerek Peto.
152,Joanna,Ratazzi,jratazzi47@tiny.cc,F,I am Joanna Ratazzi.
153,Rois,Goskar,rgoskar48@chicagotribune.com,F,I am Rois Goskar.
154,Dot,Van de Castele,dvandecastele49@symantec.com,F,I am Dot Van de Castele.
155,Tallia,Bedward,tbedward4a@xrea.com,F,I am Tallia Bedward.
156,Adela,Baitman,abaitman4b@ezinearticles.com,F,I am Adela Baitman.
157,Tarrance,Rubinsohn,trubinsohn4c@washingtonpost.com,M,I am Tarrance Rubinsohn.
158,Jody,Larrosa,jlarrosa4d@google.ru,F,I am Jody Larrosa.
159,Adolph,Brookhouse,abrookhouse4e@sakura.ne.jp,M,I am Adolph Brookhouse.
160,Cord,McDavitt,cmcdavitt4f@cbsnews.com,M,I am Cord McDavitt.
161,Craggie,Creser,ccreser4g@netscape.com,M,I am Craggie Creser.
162,Neale,Hatherell,nhatherell4h@webnode.com,M,I am Neale Hatherell.
163,Lanie,Lampen,llampen4i@bravesites.com,M,I am Lanie Lampen.
164,Kendrick,Sowerbutts,ksowerbutts4j@e-recht24.de,M,I am Kendrick Sowerbutts.
165,Daren,Keddey,dkeddey4k@weather.com,M,I am Daren Keddey.
166,Dianna,McLoughlin,dmcloughlin4l@sourceforge.net,F,I am Dianna McLoughlin.
167,Aarika,Guinnane,aguinnane4m@soundcloud.com,F,I am Aarika Guinnane.
168,Hastings,Mennell,hmennell4n@cisco.com,M,I am Hastings Mennell.
169,Ransell,June,rjune4o@de.vu,M,I am Ransell June.
170,Filmer,Bentsen,fbentsen4p@howstuffworks.com,M,I am Filmer Bentsen.
171,Emilio,Melbert,emelbert4q@friendfeed.com,M,I am Emilio Melbert.
172,Carmita,Kadwallider,ckadwallider4r@youku.com,F,I am Carmita Kadwallider.
173,Abbie,Brockie,abrockie4s@dedecms.com,M,I am Abbie Brockie.
174,Jeromy,Ivanchin,jivanchin4t@mediafire.com,M,I am Jeromy Ivanchin.
175,Darnall,Al Hirsi,dalhirsi4u@cnn.com,M,I am Darnall Al Hirsi.
176,Serene,Pendle,spendle4v@tiny.cc,F,I am Serene Pendle.
177,Nickolaus,Busswell,nbusswell4w@home.pl,M,I am Nickolaus Busswell.
178,Xenos,Klebes,xklebes4x@latimes.com,M,I am Xenos Klebes.
179,Aksel,Gerold,agerold4y@prlog.org,M,I am Aksel Gerold.
180,Lesli,MacKimmie,lmackimmie4z@goo.gl,F,I am Lesli MacKimmie.
181,Ddene,Syder,dsyder50@yandex.ru,F,I am Ddene Syder.
182,Veronika,Sempill,vsempill51@icq.com,F,I am Veronika Sempill.
183,Aileen,Bartel,abartel52@sbwire.com,F,I am Aileen Bartel.
184,Edi,Bergen,ebergen53@plala.or.jp,F,I am Edi Bergen.
185,Bonny,Bertrand,bbertrand54@hibu.com,F,I am Bonny Bertrand.
186,Joshua,Cavil,jcavil55@craigslist.org,M,I am Joshua Cavil.
187,Homere,Huguet,hhuguet56@cdc.gov,M,I am Homere Huguet.
188,Hart,Amies,hamies57@bbc.co.uk,M,I am Hart Amies.
189,Aviva,Carayol,acarayol58@boston.com,F,I am Aviva Carayol.
190,Alexandro,Yule,ayule59@hubpages.com,M,I am Alexandro Yule.
191,Charlotte,Kalinovich,ckalinovich5a@mail.ru,F,I am Charlotte Kalinovich.
192,Roselin,Cobbing,rcobbing5b@guardian.co.uk,F,I am Roselin Cobbing.
193,Fanya,Bricket,fbricket5c@aol.com,F,I am Fanya Bricket.
194,Shalom,Lamblot,slamblot5d@bloglines.com,M,I am Shalom Lamblot.
195,Camey,Viant,cviant5e@nba.com,M,I am Camey Viant.
196,Delmar,Bulward,dbulward5f@canalblog.com,M,I am Delmar Bulward.
197,Bianka,Kun,bkun5g@latimes.com,F,I am Bianka Kun.
198,Sean,Struttman,sstruttman5h@delicious.com,M,I am Sean Struttman.
199,Lalo,Shevelin,lshevelin5i@quantcast.com,M,I am Lalo Shevelin.
200,Erma,Pere,epere5j@mediafire.com,F,I am Erma Pere.
201,Terence,Poulgreen,tpoulgreen5k@w3.org,M,I am Terence Poulgreen.
202,Hettie,Scading,hscading5l@google.com.br,F,I am Hettie Scading.
203,Wilbert,Pavelin,wpavelin5m@whitehouse.gov,M,I am Wilbert Pavelin.
204,Burt,Fosdike,bfosdike5n@dmoz.org,M,I am Burt Fosdike.
205,Kristel,Marian,kmarian5o@twitpic.com,F,I am Kristel Marian.
206,Mord,Winterborne,mwinterborne5p@deviantart.com,M,I am Mord Winterborne.
207,Zaria,Pina,zpina5q@gnu.org,F,I am Zaria Pina.
208,Von,Iacobo,viacobo5r@so-net.ne.jp,M,I am Von Iacobo.
209,Gladys,Outridge,goutridge5s@nbcnews.com,F,I am Gladys Outridge.
210,Robena,Rankcom,rrankcom5t@skype.com,F,I am Robena Rankcom.
211,Olly,Yaus,oyaus5u@acquirethisname.com,M,I am Olly Yaus.
212,Iona,Skiplorne,iskiplorne5v@wikia.com,F,I am Iona Skiplorne.
213,Orin,Murphey,omurphey5w@istockphoto.com,M,I am Orin Murphey.
214,Isidora,Faragan,ifaragan5x@youtu.be,F,I am Isidora Faragan.
215,Gilberta,Medcraft,gmedcraft5y@taobao.com,F,I am Gilberta Medcraft.
216,Mario,Marshman,mmarshman5z@bluehost.com,M,I am Mario Marshman.
217,Rick,Girodier,rgirodier60@foxnews.com,M,I am Rick Girodier.
218,Hali,Marages,hmarages61@google.de,F,I am Hali Marages.
219,Mauricio,Nancarrow,mnancarrow62@ameblo.jp,M,I am Mauricio Nancarrow.
220,Alysia,Dyble,adyble63@slate.com,F,I am Alysia Dyble.
221,Fields,Pedler,fpedler64@gmpg.org,M,I am Fields Pedler.
222,Allyn,Wilfing,awilfing65@qq.com,M,I am Allyn Wilfing.
223,Kania,Yurasov,kyurasov66@mashable.com,F,I am Kania Yurasov.
224,Goraud,Dellow,gdellow67@quantcast.com,M,I am Goraud Dellow.
225,Kristos,Febvre,kfebvre68@edublogs.org,M,I am Kristos Febvre.
226,Terry,Beels,tbeels69@woothemes.com,M,I am Terry Beels.
227,Minnnie,Cardinal,mcardinal6a@ucla.edu,F,I am Minnnie Cardinal.
228,Zarah,Broke,zbroke6b@dyndns.org,F,I am Zarah Broke.
229,Zeb,Laxtonne,zlaxtonne6c@merriam-webster.com,M,I am Zeb Laxtonne.
230,Logan,Ballefant,lballefant6d@arizona.edu,M,I am Logan Ballefant.
231,Rudie,Gritsunov,rgritsunov6e@engadget.com,M,I am Rudie Gritsunov.
232,Antony,Burkin,aburkin6f@digg.com,M,I am Antony Burkin.
233,Amelita,MacGettigen,amacgettigen6g@dyndns.org,F,I am Amelita MacGettigen.
234,Chlo,Guiett,cguiett6h@desdev.cn,F,I am Chlo Guiett.
235,Wrennie,Rosson,wrosson6i@exblog.jp,F,I am Wrennie Rosson.
236,Annemarie,Collen,acollen6j@unblog.fr,F,I am Annemarie Collen.
237,Coral,Bailles,cbailles6k@bing.com,F,I am Coral Bailles.
238,Beniamino,Ashelford,bashelford6l@squidoo.com,M,I am Beniamino Ashelford.
239,Joshia,Larn,jlarn6m@so-net.ne.jp,M,I am Joshia Larn.
240,Gaile,Wignall,gwignall6n@amazon.co.jp,M,I am Gaile Wignall.
241,Renie,Wallice,rwallice6o@accuweather.com,F,I am Renie Wallice.
242,Rosemonde,Reville,rreville6p@blogtalkradio.com,F,I am Rosemonde Reville.
243,Stacey,Holttom,sholttom6q@diigo.com,F,I am Stacey Holttom.
244,Denny,Wellbank,dwellbank6r@netlog.com,M,I am Denny Wellbank.
245,Yolane,Fedynski,yfedynski6s@edublogs.org,F,I am Yolane Fedynski.
246,Clay,Tolle,ctolle6t@java.com,M,I am Clay Tolle.
247,Raye,Simper,rsimper6u@ameblo.jp,F,I am Raye Simper.
248,Aurora,Pickerell,apickerell6v@walmart.com,F,I am Aurora Pickerell.
249,Goldia,Melan,gmelan6w@1688.com,F,I am Goldia Melan.
250,Johnny,Hammonds,jhammonds6x@behance.net,M,I am Johnny Hammonds.
251,Joelly,Blesing,jblesing6y@amazon.co.jp,F,I am Joelly Blesing.
252,Rock,Sayle,rsayle6z@cloudflare.com,M,I am Rock Sayle.
253,Faythe,Dury,fdury70@quantcast.com,F,I am Faythe Dury.
254,Sargent,Friedenbach,sfriedenbach71@microsoft.com,M,I am Sargent Friedenbach.
255,Artemus,Kestin,akestin72@mit.edu,M,I am Artemus Kestin.
256,Mandi,Endean,mendean73@tinyurl.com,F,I am Mandi Endean.
257,Tabb,Avrahamoff,tavrahamoff74@ed.gov,M,I am Tabb Avrahamoff.
258,Hadlee,Dyet,hdyet75@pen.io,M,I am Hadlee Dyet.
259,Smith,Jamary,sjamary76@shareasale.com,M,I am Smith Jamary.
260,Brooks,Pass,bpass77@ovh.net,F,I am Brooks Pass.
261,Hallsy,Daveridge,hdaveridge78@domainmarket.com,M,I am Hallsy Daveridge.
262,Guenevere,Quibell,gquibell79@unc.edu,F,I am Guenevere Quibell.
263,Christin,Collcott,ccollcott7a@illinois.edu,F,I am Christin Collcott.
264,Fabe,McMains,fmcmains7b@last.fm,M,I am Fabe McMains.
265,Marietta,Hugett,mhugett7c@uol.com.br,M,I am Marietta Hugett.
266,Natalya,Nelle,nnelle7d@theguardian.com,F,I am Natalya Nelle.
267,Friedrich,Hampe,fhampe7e@thetimes.co.uk,M,I am Friedrich Hampe.
268,Rosy,Walewicz,rwalewicz7f@biblegateway.com,F,I am Rosy Walewicz.
269,Nari,Ravenscroftt,nravenscroftt7g@seattletimes.com,F,I am Nari Ravenscroftt.
270,Birgit,Wisbey,bwisbey7h@ed.gov,F,I am Birgit Wisbey.
271,Basilio,Couper,bcouper7i@ucoz.ru,M,I am Basilio Couper.
272,Sebastien,Lammertz,slammertz7j@microsoft.com,M,I am Sebastien Lammertz.
273,Shanon,Markie,smarkie7k@biglobe.ne.jp,F,I am Shanon Markie.
274,Aaren,Dombrell,adombrell7l@chron.com,F,I am Aaren Dombrell.
275,Baird,Btham,bbtham7m@joomla.org,M,I am Baird Btham.
276,Judie,Kingswoode,jkingswoode7n@facebook.com,F,I am Judie Kingswoode.
277,Angelica,Quarles,aquarles7o@1688.com,F,I am Angelica Quarles.
278,Hillie,Gilburt,hgilburt7p@dedecms.com,M,I am Hillie Gilburt.
279,Gael,Winckle,gwinckle7q@bloglovin.com,M,I am Gael Winckle.
280,Burt,MacConnechie,bmacconnechie7r@forbes.com,M,I am Burt MacConnechie.
281,Russ,Meran,rmeran7s@clickbank.net,M,I am Russ Meran.
282,Frances,Annakin,fannakin7t@studiopress.com,F,I am Frances Annakin.
283,Augustina,Greenwood,agreenwood7u@cafepress.com,F,I am Augustina Greenwood.
284,Dew,Attaway,dattaway7v@prweb.com,M,I am Dew Attaway.
285,Sybille,Ghidetti,sghidetti7w@msu.edu,F,I am Sybille Ghidetti.
286,Andy,Gyorgy,agyorgy7x@linkedin.com,M,I am Andy Gyorgy.
287,Shelly,Aggett,saggett7y@msn.com,F,I am Shelly Aggett.
288,Cristine,Wyldbore,cwyldbore7z@php.net,F,I am Cristine Wyldbore.
289,Harley,Castelain,hcastelain80@sina.com.cn,M,I am Harley Castelain.
290,Fred,Toler,ftoler81@joomla.org,M,I am Fred Toler.
291,Mattie,Tottle,mtottle82@wikimedia.org,F,I am Mattie Tottle.
292,Paolo,MacMillan,pmacmillan83@xrea.com,M,I am Paolo MacMillan.
293,Ophelie,Storror,ostorror84@miibeian.gov.cn,F,I am Ophelie Storror.
294,Ede,Ruscoe,eruscoe85@infoseek.co.jp,F,I am Ede Ruscoe.
295,Bernadine,Dare,bdare86@over-blog.com,F,I am Bernadine Dare.
296,Xena,Hinckley,xhinckley87@cdbaby.com,F,I am Xena Hinckley.
297,Bridie,McCrillis,bmccrillis88@phoca.cz,F,I am Bridie McCrillis.
298,Tuckie,Lendrem,tlendrem89@yolasite.com,M,I am Tuckie Lendrem.
299,John,Claussen,jclaussen8a@cloudflare.com,M,I am John Claussen.
300,Darell,Butterwick,dbutterwick8b@ucla.edu,F,I am Darell Butterwick.
301,Othella,Hudspith,ohudspith8c@ca.gov,F,I am Othella Hudspith.
302,Silvie,Davidzon,sdavidzon8d@free.fr,F,I am Silvie Davidzon.
303,Natalina,Branchett,nbranchett8e@imageshack.us,F,I am Natalina Branchett.
304,Whitby,O'Geaney,wogeaney8f@dedecms.com,M,I am Whitby O'Geaney.
305,Odell,Simionescu,osimionescu8g@yale.edu,M,I am Odell Simionescu.
306,Carlin,Spackman,cspackman8h@ezinearticles.com,F,I am Carlin Spackman.
307,Blondy,Wyon,bwyon8i@miitbeian.gov.cn,F,I am Blondy Wyon.
308,Maria,Applewhaite,mapplewhaite8j@flavors.me,F,I am Maria Applewhaite.
309,Moss,Patient,mpatient8k@webeden.co.uk,M,I am Moss Patient.
310,Wittie,Colebeck,wcolebeck8l@elegantthemes.com,M,I am Wittie Colebeck.
311,Jenica,Cristoforetti,jcristoforetti8m@example.com,F,I am Jenica Cristoforetti.
312,Viki,Puddin,vpuddin8n@plala.or.jp,F,I am Viki Puddin.
313,Di,O'Sesnane,dosesnane8o@marketwatch.com,F,I am Di O'Sesnane.
314,Ebenezer,Antoney,eantoney8p@hibu.com,M,I am Ebenezer Antoney.
315,Leupold,Apthorpe,lapthorpe8q@tmall.com,M,I am Leupold Apthorpe.
316,Hanny,Shave,hshave8r@boston.com,F,I am Hanny Shave.
317,Sergei,Stripling,sstripling8s@printfriendly.com,M,I am Sergei Stripling.
318,Anallese,Bollis,abollis8t@oakley.com,F,I am Anallese Bollis.
319,Tobe,Carverhill,tcarverhill8u@bloomberg.com,M,I am Tobe Carverhill.
320,Mart,Railton,mrailton8v@nytimes.com,M,I am Mart Railton.
321,Kelbee,Zecchini,kzecchini8w@imdb.com,M,I am Kelbee Zecchini.
322,Cinda,Aronovitz,caronovitz8x@163.com,F,I am Cinda Aronovitz.
323,Nikolaus,Hyslop,nhyslop8y@accuweather.com,M,I am Nikolaus Hyslop.
324,Konstance,Wycliffe,kwycliffe8z@dropbox.com,F,I am Konstance Wycliffe.
325,Marsh,Bould,mbould90@cdc.gov,M,I am Marsh Bould.
326,Nestor,Dormer,ndormer91@google.ru,M,I am Nestor Dormer.
327,Lorne,Work,lwork92@lulu.com,F,I am Lorne Work.
328,Currey,Holme,cholme93@google.com.au,M,I am Currey Holme.
329,Fidelity,Marquot,fmarquot94@cornell.edu,F,I am Fidelity Marquot.
330,Loralee,McKeighan,lmckeighan95@google.fr,F,I am Loralee McKeighan.
331,Erich,Ungerechts,eungerechts96@wikimedia.org,M,I am Erich Ungerechts.
332,Ignaz,O'Crevan,iocrevan97@nih.gov,M,I am Ignaz O'Crevan.
333,Iorgo,Dowers,idowers98@nasa.gov,M,I am Iorgo Dowers.
334,Issi,Salatino,isalatino99@wsj.com,F,I am Issi Salatino.
335,Antonin,Leabeater,aleabeater9a@vistaprint.com,M,I am Antonin Leabeater.
336,Delila,Becerro,dbecerro9b@ed.gov,F,I am Delila Becerro.
337,Leila,Gergler,lgergler9c@intel.com,F,I am Leila Gergler.
338,Domenico,Kitcatt,dkitcatt9d@discuz.net,M,I am Domenico Kitcatt.
339,Morgan,Redpath,mredpath9e@businessweek.com,M,I am Morgan Redpath.
340,Evie,Clutton,eclutton9f@google.com.hk,F,I am Evie Clutton.
341,Johny,Schechter,jschechter9g@senate.gov,M,I am Johny Schechter.
342,Rivkah,McElory,rmcelory9h@dedecms.com,F,I am Rivkah McElory.
343,Vikki,Hannaford,vhannaford9i@seesaa.net,F,I am Vikki Hannaford.
344,Darnall,Uc,duc9j@imageshack.us,M,I am Darnall Uc.
345,Nelson,Woolcocks,nwoolcocks9k@spotify.com,M,I am Nelson Woolcocks.
346,Jeremy,Eccersley,jeccersley9l@shinystat.com,M,I am Jeremy Eccersley.
347,Reginauld,Bletcher,rbletcher9m@google.it,M,I am Reginauld Bletcher.
348,Fergus,Bows,fbows9n@ucsd.edu,M,I am Fergus Bows.
349,Pascal,Dilrew,pdilrew9o@phpbb.com,M,I am Pascal Dilrew.
350,Rubin,Koop,rkoop9p@bluehost.com,M,I am Rubin Koop.
351,Iorgo,Ruddell,iruddell9q@github.com,M,I am Iorgo Ruddell.
352,Ebenezer,Jimes,ejimes9r@youtube.com,M,I am Ebenezer Jimes.
353,Francesca,Bretherton,fbretherton9s@gov.uk,F,I am Francesca Bretherton.
354,Betteann,Dalloway,bdalloway9t@dyndns.org,F,I am Betteann Dalloway.
355,Cheslie,Edridge,cedridge9u@buzzfeed.com,F,I am Cheslie Edridge.
356,Correy,St Louis,cstlouis9v@discuz.net,M,I am Correy St Louis.
357,Gregoor,Dietmar,gdietmar9w@uol.com.br,M,I am Gregoor Dietmar.
358,Jethro,Troup,jtroup9x@cam.ac.uk,M,I am Jethro Troup.
359,Fleurette,Bolwell,fbolwell9y@biglobe.ne.jp,F,I am Fleurette Bolwell.
360,Humfrey,Greedier,hgreedier9z@theatlantic.com,M,I am Humfrey Greedier.
361,Midge,Stollberg,mstollberga0@statcounter.com,F,I am Midge Stollberg.
362,Cassandre,Dilley,cdilleya1@soup.io,F,I am Cassandre Dilley.
363,Bridgette,Rewbottom,brewbottoma2@tinyurl.com,F,I am Bridgette Rewbottom.
364,Georgetta,Spender,gspendera3@prweb.com,F,I am Georgetta Spender.
365,Ole,Outright,ooutrighta4@smh.com.au,M,I am Ole Outright.
366,Bill,Labat,blabata5@friendfeed.com,F,I am Bill Labat.
367,Rosmunda,Jerrans,rjerransa6@usa.gov,F,I am Rosmunda Jerrans.
368,Morgen,Hiskey,mhiskeya7@ucsd.edu,M,I am Morgen Hiskey.
369,Ingaberg,Buist,ibuista8@techcrunch.com,F,I am Ingaberg Buist.
370,Marigold,Hegerty,mhegertya9@wunderground.com,F,I am Marigold Hegerty.
371,Izak,Greyes,igreyesaa@skype.com,M,I am Izak Greyes.
372,Mamie,Adnett,madnettab@unicef.org,F,I am Mamie Adnett.
373,Agneta,Iozefovich,aiozefovichac@etsy.com,F,I am Agneta Iozefovich.
374,Aile,Impy,aimpyad@weibo.com,F,I am Aile Impy.
375,Page,Bick,pbickae@hibu.com,F,I am Page Bick.
376,Anett,Dorrian,adorrianaf@baidu.com,F,I am Anett Dorrian.
377,Suzy,Hankinson,shankinsonag@webs.com,F,I am Suzy Hankinson.
378,Emelina,Klagge,eklaggeah@elegantthemes.com,F,I am Emelina Klagge.
379,Fenelia,Naughton,fnaughtonai@illinois.edu,F,I am Fenelia Naughton.
380,Lani,Battabee,lbattabeeaj@blogtalkradio.com,F,I am Lani Battabee.
381,Stephannie,O Mullen,somullenak@alexa.com,F,I am Stephannie O Mullen.
382,Abdel,Scarce,ascarceal@un.org,M,I am Abdel Scarce.
383,Odille,Aviss,oavissam@merriam-webster.com,F,I am Odille Aviss.
384,Gabriellia,Duckfield,gduckfieldan@earthlink.net,F,I am Gabriellia Duckfield.
385,Ernaline,Leggate,eleggateao@icq.com,F,I am Ernaline Leggate.
386,Consuela,Macieja,cmaciejaap@auda.org.au,F,I am Consuela Macieja.
387,Leland,Mayston,lmaystonaq@xing.com,M,I am Leland Mayston.
388,Cleveland,Thicking,cthickingar@skyrock.com,M,I am Cleveland Thicking.
389,Barbi,Lorimer,blorimeras@bbb.org,F,I am Barbi Lorimer.
390,Bree,Hercules,bherculesat@instagram.com,F,I am Bree Hercules.
391,Stephani,Pestor,spestorau@uol.com.br,F,I am Stephani Pestor.
392,Vilhelmina,Handover,vhandoverav@cbslocal.com,F,I am Vilhelmina Handover.
393,Hilliard,Adanet,hadanetaw@economist.com,M,I am Hilliard Adanet.
394,Sela,Gauson,sgausonax@independent.co.uk,F,I am Sela Gauson.
395,Emmerich,Kirtley,ekirtleyay@samsung.com,M,I am Emmerich Kirtley.
396,Valentia,Curnock,vcurnockaz@usgs.gov,F,I am Valentia Curnock.
397,Gerik,Dochon,gdochonb0@godaddy.com,M,I am Gerik Dochon.
398,Cami,Golden,cgoldenb1@wufoo.com,F,I am Cami Golden.
399,Jourdain,McPeeters,jmcpeetersb2@yale.edu,M,I am Jourdain McPeeters.
400,Timi,Huddles,thuddlesb3@jiathis.com,F,I am Timi Huddles.
401,Debra,Stapford,dstapfordb4@yahoo.co.jp,F,I am Debra Stapford.
402,Aldridge,Covotti,acovottib5@answers.com,M,I am Aldridge Covotti.
403,Stella,Pheby,sphebyb6@gov.uk,F,I am Stella Pheby.
404,Cordelie,Glacken,cglackenb7@hexun.com,F,I am Cordelie Glacken.
405,Fraser,Lis,flisb8@time.com,M,I am Fraser Lis.
406,Delores,Ixer,dixerb9@aboutads.info,F,I am Delores Ixer.
407,Shea,Theze,sthezeba@amazon.co.uk,F,I am Shea Theze.
408,Natty,Iamittii,niamittiibb@admin.ch,F,I am Natty Iamittii.
409,Rivkah,MacMakin,rmacmakinbc@bravesites.com,F,I am Rivkah MacMakin.
410,Early,Biglin,ebiglinbd@independent.co.uk,M,I am Early Biglin.
411,Perle,Geistbeck,pgeistbeckbe@fotki.com,F,I am Perle Geistbeck.
412,Rickie,Gorler,rgorlerbf@yellowbook.com,M,I am Rickie Gorler.
413,Hettie,Youll,hyoullbg@ask.com,F,I am Hettie Youll.
414,Yelena,Croux,ycrouxbh@is.gd,F,I am Yelena Croux.
415,Gregory,Berg,gbergbi@icq.com,M,I am Gregory Berg.
416,Herculie,Habershaw,hhabershawbj@meetup.com,M,I am Herculie Habershaw.
417,Skippie,Marshal,smarshalbk@ow.ly,M,I am Skippie Marshal.
418,Kareem,Dur,kdurbl@dyndns.org,M,I am Kareem Dur.
419,Davidde,Reddlesden,dreddlesdenbm@surveymonkey.com,M,I am Davidde Reddlesden.
420,Dani,McTeer,dmcteerbn@163.com,M,I am Dani McTeer.
421,Xerxes,Keyworth,xkeyworthbo@ning.com,M,I am Xerxes Keyworth.
422,Matelda,Izakson,mizaksonbp@wired.com,F,I am Matelda Izakson.
423,Stan,Bittleson,sbittlesonbq@ucsd.edu,M,I am Stan Bittleson.
424,Guenevere,Mosby,gmosbybr@gov.uk,F,I am Guenevere Mosby.
425,Donica,Glasner,dglasnerbs@hostgator.com,F,I am Donica Glasner.
426,Dante,Monnelly,dmonnellybt@t-online.de,M,I am Dante Monnelly.
427,Aharon,Guarin,aguarinbu@lycos.com,M,I am Aharon Guarin.
428,Jessa,Older,jolderbv@craigslist.org,F,I am Jessa Older.
429,Heddie,Rignall,hrignallbw@illinois.edu,F,I am Heddie Rignall.
430,Anastasia,Banford,abanfordbx@mtv.com,F,I am Anastasia Banford.
431,Kittie,Beebis,kbeebisby@e-recht24.de,F,I am Kittie Beebis.
432,Tabitha,Billany,tbillanybz@pbs.org,F,I am Tabitha Billany.
433,Reube,McNalley,rmcnalleyc0@sourceforge.net,M,I am Reube McNalley.
434,Caren,Roakes,croakesc1@altervista.org,F,I am Caren Roakes.
435,Carmencita,Umbert,cumbertc2@apple.com,F,I am Carmencita Umbert.
436,Corney,Bruhn,cbruhnc3@vimeo.com,M,I am Corney Bruhn.
437,Amby,Fettiplace,afettiplacec4@tamu.edu,M,I am Amby Fettiplace.
438,Kitti,Thombleson,kthomblesonc5@bbc.co.uk,F,I am Kitti Thombleson.
439,Vergil,Vasyatkin,vvasyatkinc6@flavors.me,M,I am Vergil Vasyatkin.
440,Kim,Sessions,ksessionsc7@pbs.org,F,I am Kim Sessions.
441,Wash,Pavek,wpavekc8@mail.ru,M,I am Wash Pavek.
442,Luke,Mangeney,lmangeneyc9@slate.com,M,I am Luke Mangeney.
443,Nikolaos,Farres,nfarresca@creativecommons.org,M,I am Nikolaos Farres.
444,Lory,Lathey,llatheycb@creativecommons.org,F,I am Lory Lathey.
445,Smith,Domnick,sdomnickcc@army.mil,M,I am Smith Domnick.
446,Glen,Mattholie,gmattholiecd@jimdo.com,M,I am Glen Mattholie.
447,Lee,Ace,lacece@chicagotribune.com,M,I am Lee Ace.
448,Holmes,Santi,hsanticf@sogou.com,M,I am Holmes Santi.
449,Garrek,Brahmer,gbrahmercg@sakura.ne.jp,M,I am Garrek Brahmer.
450,Niko,Lippi,nlippich@vinaora.com,M,I am Niko Lippi.
451,Palmer,Crosdill,pcrosdillci@live.com,M,I am Palmer Crosdill.
452,Anthea,Colby,acolbycj@dagondesign.com,F,I am Anthea Colby.
453,Travus,Everett,teverettck@japanpost.jp,M,I am Travus Everett.
454,Adelind,Odde,aoddecl@indiatimes.com,F,I am Adelind Odde.
455,Hercule,Chesworth,hchesworthcm@stumbleupon.com,M,I am Hercule Chesworth.
456,Jerrold,Stithe,jstithecn@histats.com,M,I am Jerrold Stithe.
457,Nessy,Fullstone,nfullstoneco@reverbnation.com,F,I am Nessy Fullstone.
458,Berny,Leaming,bleamingcp@ameblo.jp,F,I am Berny Leaming.
459,Trescha,Flode,tflodecq@tiny.cc,F,I am Trescha Flode.
460,Maryanna,Iskowitz,miskowitzcr@wunderground.com,F,I am Maryanna Iskowitz.
461,Kaila,Cogdon,kcogdoncs@mit.edu,F,I am Kaila Cogdon.
462,Jerome,Broomfield,jbroomfieldct@newyorker.com,M,I am Jerome Broomfield.
463,Gwendolin,Champerlen,gchamperlencu@blog.com,F,I am Gwendolin Champerlen.
464,Chris,Lennarde,clennardecv@pcworld.com,M,I am Chris Lennarde.
465,Alfie,Rainbird,arainbirdcw@jiathis.com,M,I am Alfie Rainbird.
466,Pierson,Pedreschi,ppedreschicx@naver.com,M,I am Pierson Pedreschi.
467,Burke,Bartalini,bbartalinicy@flickr.com,M,I am Burke Bartalini.
468,Chrissie,Schwerin,cschwerincz@mysql.com,F,I am Chrissie Schwerin.
469,Shay,Sheer,ssheerd0@exblog.jp,M,I am Shay Sheer.
470,Orv,Buffham,obuffhamd1@jigsy.com,M,I am Orv Buffham.
471,Pattie,Weaben,pweabend2@mlb.com,M,I am Pattie Weaben.
472,Helaina,Brandenberg,hbrandenbergd3@marketwatch.com,F,I am Helaina Brandenberg.
473,Esme,Hyslop,ehyslopd4@imageshack.us,F,I am Esme Hyslop.
474,Jonathan,Kilban,jkilband5@usda.gov,M,I am Jonathan Kilban.
475,Denver,Fay,dfayd6@devhub.com,M,I am Denver Fay.
476,Latisha,Stapleton,lstapletond7@ask.com,F,I am Latisha Stapleton.
477,Tessi,Allright,tallrightd8@imdb.com,F,I am Tessi Allright.
478,Merrile,Helks,mhelksd9@spiegel.de,F,I am Merrile Helks.
479,Parke,Gudyer,pgudyerda@tripadvisor.com,M,I am Parke Gudyer.
480,Babita,Beneteau,bbeneteaudb@omniture.com,F,I am Babita Beneteau.
481,Harlen,Bamlet,hbamletdc@salon.com,M,I am Harlen Bamlet.
482,Eugene,Carsey,ecarseydd@reference.com,M,I am Eugene Carsey.
483,Mitch,Gwillym,mgwillymde@sun.com,M,I am Mitch Gwillym.
484,Chalmers,Kleanthous,ckleanthousdf@economist.com,M,I am Chalmers Kleanthous.
485,Shoshana,Ithell,sithelldg@state.gov,F,I am Shoshana Ithell.
486,Alison,Castellone,acastellonedh@goo.gl,F,I am Alison Castellone.
487,Ezri,Maskew,emaskewdi@shinystat.com,M,I am Ezri Maskew.
488,Alexi,Eighteen,aeighteendj@odnoklassniki.ru,F,I am Alexi Eighteen.
489,Darn,Farnhill,dfarnhilldk@posterous.com,M,I am Darn Farnhill.
490,Lionel,Saenz,lsaenzdl@nhs.uk,M,I am Lionel Saenz.
491,Stefa,Hirjak,shirjakdm@themeforest.net,F,I am Stefa Hirjak.
492,Pasquale,Loney,ploneydn@pinterest.com,M,I am Pasquale Loney.
493,Libby,Ochiltree,lochiltreedo@usgs.gov,F,I am Libby Ochiltree.
494,Artemas,Dorsey,adorseydp@g.co,M,I am Artemas Dorsey.
495,Alyda,Dougherty,adoughertydq@google.com.au,F,I am Alyda Dougherty.
496,Irving,Benazet,ibenazetdr@toplist.cz,M,I am Irving Benazet.
497,Barris,Deinhard,bdeinhardds@gravatar.com,M,I am Barris Deinhard.
498,Gerry,Sidebotham,gsidebothamdt@about.me,F,I am Gerry Sidebotham.
499,Sutton,Springer,sspringerdu@blogs.com,M,I am Sutton Springer.
500,Suzette,Autry,sautrydv@pinterest.com,F,I am Suzette Autry.
501,Richart,Glenn,rglenndw@sogou.com,M,I am Richart Glenn.
502,Billye,Ody,bodydx@lycos.com,F,I am Billye Ody.
503,Lester,Mole,lmoledy@nymag.com,M,I am Lester Mole.
504,Hynda,Leroy,hleroydz@whitehouse.gov,F,I am Hynda Leroy.
505,Federica,Coe,fcoee0@comcast.net,F,I am Federica Coe.
506,Nicolea,Gillino,ngillinoe1@pinterest.com,F,I am Nicolea Gillino.
507,Theodoric,MacPhail,tmacphaile2@ftc.gov,M,I am Theodoric MacPhail.
508,Star,Wigmore,swigmoree3@vkontakte.ru,F,I am Star Wigmore.
509,Reinaldos,Gellion,rgellione4@lulu.com,M,I am Reinaldos Gellion.
510,Travus,Ginity,tginitye5@google.nl,M,I am Travus Ginity.
511,Alden,Hailey,ahaileye6@lycos.com,M,I am Alden Hailey.
512,Athena,Pimbley,apimbleye7@multiply.com,F,I am Athena Pimbley.
513,Maxie,Glassborow,mglassborowe8@newsvine.com,F,I am Maxie Glassborow.
514,Sibyl,Carabet,scarabete9@hexun.com,M,I am Sibyl Carabet.
515,Brian,Maskall,bmaskallea@omniture.com,M,I am Brian Maskall.
516,Casandra,Crowson,ccrowsoneb@tiny.cc,F,I am Casandra Crowson.
517,Aldon,Beelby,abeelbyec@google.com.au,M,I am Aldon Beelby.
518,Orbadiah,Shear,osheared@ucoz.com,M,I am Orbadiah Shear.
519,Tate,Anscott,tanscottee@plala.or.jp,F,I am Tate Anscott.
520,Corissa,Wimbush,cwimbushef@technorati.com,F,I am Corissa Wimbush.
521,Goran,McGifford,gmcgiffordeg@rediff.com,M,I am Goran McGifford.
522,Vic,Prime,vprimeeh@g.co,M,I am Vic Prime.
523,Ed,Yokel,eyokelei@instagram.com,M,I am Ed Yokel.
524,Renelle,Lyman,rlymanej@admin.ch,F,I am Renelle Lyman.
525,Ema,Sidery,esideryek@buzzfeed.com,F,I am Ema Sidery.
526,Raven,Barrim,rbarrimel@123-reg.co.uk,F,I am Raven Barrim.
527,Albrecht,Norsister,anorsisterem@ucoz.com,M,I am Albrecht Norsister.
528,Clemence,Feathers,cfeathersen@about.me,F,I am Clemence Feathers.
529,Margery,Abrahmer,mabrahmereo@addthis.com,F,I am Margery Abrahmer.
530,Nari,Foulgham,nfoulghamep@behance.net,F,I am Nari Foulgham.
531,Zedekiah,Mazey,zmazeyeq@un.org,M,I am Zedekiah Mazey.
532,Nikaniki,MacTrustram,nmactrustramer@webnode.com,F,I am Nikaniki MacTrustram.
533,Selma,Lammert,slammertes@google.com.hk,F,I am Selma Lammert.
534,Kendra,Duckels,kduckelset@shinystat.com,F,I am Kendra Duckels.
535,Candra,Lenthall,clenthalleu@wp.com,F,I am Candra Lenthall.
536,Bessie,Stellin,bstellinev@miibeian.gov.cn,F,I am Bessie Stellin.
537,Normie,Burnhard,nburnhardew@nbcnews.com,M,I am Normie Burnhard.
538,Michel,McChesney,mmcchesneyex@yahoo.co.jp,F,I am Michel McChesney.
539,Bryn,Gilfoyle,bgilfoyleey@gravatar.com,F,I am Bryn Gilfoyle.
540,Angus,Braitling,abraitlingez@soup.io,M,I am Angus Braitling.
541,Sheelagh,Mixer,smixerf0@icq.com,F,I am Sheelagh Mixer.
542,Brigit,Jope,bjopef1@constantcontact.com,F,I am Brigit Jope.
543,Editha,Ledley,eledleyf2@mashable.com,F,I am Editha Ledley.
544,Kaine,Barden,kbardenf3@desdev.cn,M,I am Kaine Barden.
545,Marcelle,Newby,mnewbyf4@mtv.com,F,I am Marcelle Newby.
546,Ester,Balaizot,ebalaizotf5@360.cn,F,I am Ester Balaizot.
547,Cinnamon,Pickerell,cpickerellf6@latimes.com,F,I am Cinnamon Pickerell.
548,Ede,Tuminini,etumininif7@ox.ac.uk,F,I am Ede Tuminini.
549,Sibbie,Iorio,sioriof8@slashdot.org,F,I am Sibbie Iorio.
550,Ezekiel,Doust,edoustf9@comcast.net,M,I am Ezekiel Doust.
551,Quinton,Eggleson,qegglesonfa@smugmug.com,M,I am Quinton Eggleson.
552,Ida,McDavid,imcdavidfb@foxnews.com,F,I am Ida McDavid.
553,Shelden,Tomes,stomesfc@mozilla.org,M,I am Shelden Tomes.
554,Roth,Goodbody,rgoodbodyfd@nasa.gov,M,I am Roth Goodbody.
555,Kaile,Godding,kgoddingfe@foxnews.com,F,I am Kaile Godding.
556,Joe,Von Der Empten,jvonderemptenff@engadget.com,M,I am Joe Von Der Empten.
557,Janel,Hoopper,jhoopperfg@fastcompany.com,F,I am Janel Hoopper.
558,Torie,Cory,tcoryfh@123-reg.co.uk,F,I am Torie Cory.
559,Salvador,Bazoche,sbazochefi@hc360.com,M,I am Salvador Bazoche.
560,Martica,Luchetti,mluchettifj@hc360.com,F,I am Martica Luchetti.
561,Anallise,Lavallie,alavalliefk@slashdot.org,F,I am Anallise Lavallie.
562,Katrina,Fontenot,kfontenotfl@icio.us,F,I am Katrina Fontenot.
563,Willdon,Pullen,wpullenfm@mac.com,M,I am Willdon Pullen.
564,Valentine,Ruprecht,vruprechtfn@japanpost.jp,M,I am Valentine Ruprecht.
565,Elmo,Slyvester,eslyvesterfo@accuweather.com,M,I am Elmo Slyvester.
566,Dirk,Reis,dreisfp@privacy.gov.au,M,I am Dirk Reis.
567,Starr,Dalgarnowch,sdalgarnowchfq@cmu.edu,F,I am Starr Dalgarnowch.
568,Bari,Book,bbookfr@chron.com,F,I am Bari Book.
569,Aloise,Artois,aartoisfs@utexas.edu,F,I am Aloise Artois.
570,Atalanta,Von Helmholtz,avonhelmholtzft@nytimes.com,F,I am Atalanta Von Helmholtz.
571,Bessie,Rickarsey,brickarseyfu@tripadvisor.com,F,I am Bessie Rickarsey.
572,Abbe,Clarkin,aclarkinfv@apple.com,M,I am Abbe Clarkin.
573,Vernor,Monget,vmongetfw@goodreads.com,M,I am Vernor Monget.
574,Grantley,Hepher,ghepherfx@craigslist.org,M,I am Grantley Hepher.
575,Daffie,Clewlow,dclewlowfy@salon.com,F,I am Daffie Clewlow.
576,Vaughan,Verna,vvernafz@jugem.jp,M,I am Vaughan Verna.
577,Julietta,Jennaroy,jjennaroyg0@google.ru,F,I am Julietta Jennaroy.
578,Alissa,Rosenau,arosenaug1@linkedin.com,F,I am Alissa Rosenau.
579,Briano,Tison,btisong2@constantcontact.com,M,I am Briano Tison.
580,Natalee,Potteril,npotterilg3@macromedia.com,F,I am Natalee Potteril.
581,Leila,Bon,lbong4@va.gov,F,I am Leila Bon.
582,Jasmina,Salvador,jsalvadorg5@chicagotribune.com,F,I am Jasmina Salvador.
583,Lexis,Parvin,lparving6@google.pl,F,I am Lexis Parvin.
584,Fara,Kyston,fkystong7@phoca.cz,F,I am Fara Kyston.
585,Fabio,Buckam,fbuckamg8@ibm.com,M,I am Fabio Buckam.
586,Boothe,Hamshaw,bhamshawg9@scientificamerican.com,M,I am Boothe Hamshaw.
587,Pierce,Mathou,pmathouga@cnbc.com,M,I am Pierce Mathou.
588,Ainslee,de Glanville,adeglanvillegb@dell.com,F,I am Ainslee de Glanville.
589,Matthaeus,Horley,mhorleygc@fema.gov,M,I am Matthaeus Horley.
590,Glori,Spybey,gspybeygd@oakley.com,F,I am Glori Spybey.
591,Adrianna,Tomenson,atomensonge@usatoday.com,F,I am Adrianna Tomenson.
592,Agna,Barme,abarmegf@ted.com,F,I am Agna Barme.
593,Sheena,Marty,smartygg@rediff.com,F,I am Sheena Marty.
594,Aime,Schops,aschopsgh@answers.com,F,I am Aime Schops.
595,Hestia,Yates,hyatesgi@google.fr,F,I am Hestia Yates.
596,Sarge,Olech,solechgj@theatlantic.com,M,I am Sarge Olech.
597,Indira,Fiennes,ifiennesgk@blinklist.com,F,I am Indira Fiennes.
598,Bev,Tombling,btomblinggl@ehow.com,F,I am Bev Tombling.
599,Daren,Galle,dgallegm@weebly.com,M,I am Daren Galle.
600,Fancie,Van der Brug,fvanderbruggn@godaddy.com,F,I am Fancie Van der Brug.
601,Alie,Nansom,anansomgo@nsw.gov.au,F,I am Alie Nansom.
602,Val,Jann,vjanngp@bloomberg.com,M,I am Val Jann.
603,Wilhelmina,Starling,wstarlinggq@miitbeian.gov.cn,F,I am Wilhelmina Starling.
604,Rhianon,Farquhar,rfarquhargr@google.com,F,I am Rhianon Farquhar.
605,Dee,Whenham,dwhenhamgs@ifeng.com,F,I am Dee Whenham.
606,Lyndsey,Bellow,lbellowgt@blogtalkradio.com,F,I am Lyndsey Bellow.
607,Zea,Housegoe,zhousegoegu@deliciousdays.com,F,I am Zea Housegoe.
608,Karlis,Ioselevich,kioselevichgv@java.com,M,I am Karlis Ioselevich.
609,Lynnea,Warn,lwarngw@g.co,F,I am Lynnea Warn.
610,Lance,McCombe,lmccombegx@google.com,M,I am Lance McCombe.
611,Di,Meckiff,dmeckiffgy@nba.com,F,I am Di Meckiff.
612,Jacklyn,Baal,jbaalgz@is.gd,F,I am Jacklyn Baal.
613,Robinson,Lawler,rlawlerh0@freewebs.com,M,I am Robinson Lawler.
614,Aile,Guillford,aguillfordh1@springer.com,F,I am Aile Guillford.
615,Cassey,Silburn,csilburnh2@xing.com,F,I am Cassey Silburn.
616,Bar,Chelnam,bchelnamh3@sphinn.com,M,I am Bar Chelnam.
617,Reggis,Stolberger,rstolbergerh4@ucoz.ru,M,I am Reggis Stolberger.
618,Myrwyn,Greenmon,mgreenmonh5@epa.gov,M,I am Myrwyn Greenmon.
619,Far,Harrinson,fharrinsonh6@smugmug.com,M,I am Far Harrinson.
620,Virge,Lalonde,vlalondeh7@angelfire.com,M,I am Virge Lalonde.
621,Rodger,O'Bradain,robradainh8@etsy.com,M,I am Rodger O'Bradain.
622,Derby,O'Glessane,doglessaneh9@house.gov,M,I am Derby O'Glessane.
623,Suzanne,Wanless,swanlessha@globo.com,F,I am Suzanne Wanless.
624,Maxine,McCourt,mmccourthb@yelp.com,F,I am Maxine McCourt.
625,Gabriellia,Labuschagne,glabuschagnehc@livejournal.com,F,I am Gabriellia Labuschagne.
626,Dawna,O'Shiel,doshielhd@ucsd.edu,F,I am Dawna O'Shiel.
627,Gilbertine,Rachuig,grachuighe@51.la,F,I am Gilbertine Rachuig.
628,Sherman,Spradbrow,sspradbrowhf@cpanel.net,M,I am Sherman Spradbrow.
629,Annalee,Dirr,adirrhg@tiny.cc,F,I am Annalee Dirr.
630,Saidee,Minshall,sminshallhh@virginia.edu,F,I am Saidee Minshall.
631,Adena,Pickring,apickringhi@google.com,F,I am Adena Pickring.
632,Patty,Jean,pjeanhj@abc.net.au,M,I am Patty Jean.
633,Idell,Vidgeon,ividgeonhk@usa.gov,F,I am Idell Vidgeon.
634,Cherianne,Petrushanko,cpetrushankohl@ebay.com,F,I am Cherianne Petrushanko.
635,Jacki,Barbery,jbarberyhm@elegantthemes.com,F,I am Jacki Barbery.
636,Thibaut,Mottinelli,tmottinellihn@amazon.de,M,I am Thibaut Mottinelli.
637,Marrilee,Thirst,mthirstho@ustream.tv,F,I am Marrilee Thirst.
638,Jed,Tome,jtomehp@stanford.edu,M,I am Jed Tome.
639,Allyn,Gutman,agutmanhq@ucsd.edu,M,I am Allyn Gutman.
640,Chen,Daniely,cdanielyhr@rakuten.co.jp,M,I am Chen Daniely.
641,Bruce,Maskelyne,bmaskelynehs@bizjournals.com,M,I am Bruce Maskelyne.
642,Frans,Stores,fstoresht@dot.gov,M,I am Frans Stores.
643,Ervin,Giller,egillerhu@europa.eu,M,I am Ervin Giller.
644,Currey,Jamson,cjamsonhv@youku.com,M,I am Currey Jamson.
645,Dacie,Underdown,dunderdownhw@usnews.com,F,I am Dacie Underdown.
646,Elva,Shergill,eshergillhx@samsung.com,F,I am Elva Shergill.
647,Kelsey,Fishly,kfishlyhy@dell.com,F,I am Kelsey Fishly.
648,Cyrillus,Union,cunionhz@desdev.cn,M,I am Cyrillus Union.
649,Ruthie,McTeer,rmcteeri0@uol.com.br,F,I am Ruthie McTeer.
650,Everett,Lendrem,elendremi1@weebly.com,M,I am Everett Lendrem.
651,Tamas,Boram,tborami2@webeden.co.uk,M,I am Tamas Boram.
652,Allene,Urien,aurieni3@dion.ne.jp,F,I am Allene Urien.
653,Adler,Aguirrezabala,aaguirrezabalai4@ifeng.com,M,I am Adler Aguirrezabala.
654,Lissa,Pietzker,lpietzkeri5@edublogs.org,F,I am Lissa Pietzker.
655,Mikel,Bavester,mbavesteri6@sphinn.com,M,I am Mikel Bavester.
656,Thom,Seak,tseaki7@timesonline.co.uk,M,I am Thom Seak.
657,Laurianne,Ainscow,lainscowi8@usatoday.com,F,I am Laurianne Ainscow.
658,Arnaldo,Dace,adacei9@npr.org,M,I am Arnaldo Dace.
659,June,Uwins,juwinsia@163.com,F,I am June Uwins.
660,Joelynn,Hubbard,jhubbardib@typepad.com,F,I am Joelynn Hubbard.
661,Ruthanne,Ikin,rikinic@skype.com,F,I am Ruthanne Ikin.
662,Nolan,Jehaes,njehaesid@sciencedaily.com,M,I am Nolan Jehaes.
663,Tabatha,Caven,tcavenie@princeton.edu,F,I am Tabatha Caven.
664,Darnell,Simes,dsimesif@tinyurl.com,M,I am Darnell Simes.
665,Otha,Nabbs,onabbsig@bbc.co.uk,F,I am Otha Nabbs.
666,Halette,Livock,hlivockih@github.com,F,I am Halette Livock.
667,Evy,Corragan,ecorraganii@blogger.com,F,I am Evy Corragan.
668,Tatiania,Gaytor,tgaytorij@exblog.jp,F,I am Tatiania Gaytor.
669,Waiter,Boatwright,wboatwrightik@rediff.com,M,I am Waiter Boatwright.
670,Preston,Cherrett,pcherrettil@wikimedia.org,M,I am Preston Cherrett.
671,Dominica,Pleaden,dpleadenim@ihg.com,F,I am Dominica Pleaden.
672,Olin,Cregan,ocreganin@furl.net,M,I am Olin Cregan.
673,Garold,De Paoli,gdepaoliio@opensource.org,M,I am Garold De Paoli.
674,Nicky,Elloway,nellowayip@nih.gov,M,I am Nicky Elloway.
675,Isaiah,Shimony,ishimonyiq@hhs.gov,M,I am Isaiah Shimony.
676,Rayna,Huby,rhubyir@cnet.com,F,I am Rayna Huby.
677,Caldwell,Bagot,cbagotis@google.co.jp,M,I am Caldwell Bagot.
678,Kingsley,Jerrans,kjerransit@simplemachines.org,M,I am Kingsley Jerrans.
679,Ronda,Tomicki,rtomickiiu@msn.com,F,I am Ronda Tomicki.
680,Umberto,Bankhurst,ubankhurstiv@prnewswire.com,M,I am Umberto Bankhurst.
681,Waly,Ransley,wransleyiw@drupal.org,F,I am Waly Ransley.
682,Dorisa,Gradly,dgradlyix@furl.net,F,I am Dorisa Gradly.
683,Ambur,Squibbes,asquibbesiy@wisc.edu,F,I am Ambur Squibbes.
684,Hadlee,Passey,hpasseyiz@123-reg.co.uk,M,I am Hadlee Passey.
685,Ashley,Teggin,ategginj0@google.es,M,I am Ashley Teggin.
686,Ximenez,Hobson,xhobsonj1@arstechnica.com,M,I am Ximenez Hobson.
687,Gertrude,Wilber,gwilberj2@cdc.gov,F,I am Gertrude Wilber.
688,Kennie,Romeo,kromeoj3@behance.net,M,I am Kennie Romeo.
689,Cherey,Phin,cphinj4@issuu.com,F,I am Cherey Phin.
690,Chandler,Burgill,cburgillj5@merriam-webster.com,M,I am Chandler Burgill.
691,Ezechiel,Awde,eawdej6@bloomberg.com,M,I am Ezechiel Awde.
692,Cecilla,Gozney,cgozneyj7@over-blog.com,F,I am Cecilla Gozney.
693,Juliann,Andrzejewski,jandrzejewskij8@mediafire.com,F,I am Juliann Andrzejewski.
694,Herve,Jinkin,hjinkinj9@exblog.jp,M,I am Herve Jinkin.
695,Lamar,Swadon,lswadonja@sitemeter.com,M,I am Lamar Swadon.
696,Allis,Peres,aperesjb@networkadvertising.org,F,I am Allis Peres.
697,Jodie,Quinnelly,jquinnellyjc@mozilla.org,F,I am Jodie Quinnelly.
698,Marti,Bebbington,mbebbingtonjd@chicagotribune.com,F,I am Marti Bebbington.
699,Krystal,Zanni,kzannije@paginegialle.it,F,I am Krystal Zanni.
700,Tomlin,Aizikov,taizikovjf@theguardian.com,M,I am Tomlin Aizikov.
701,Brade,Pelos,bpelosjg@gizmodo.com,M,I am Brade Pelos.
702,Laura,Prisk,lpriskjh@examiner.com,F,I am Laura Prisk.
703,Maisie,Pierrepoint,mpierrepointji@bandcamp.com,F,I am Maisie Pierrepoint.
704,Reamonn,Larner,rlarnerjj@alibaba.com,M,I am Reamonn Larner.
705,Isa,Schubert,ischubertjk@google.co.jp,M,I am Isa Schubert.
706,Nessy,Bachelar,nbachelarjl@biblegateway.com,F,I am Nessy Bachelar.
707,Killie,Kirlin,kkirlinjm@indiatimes.com,M,I am Killie Kirlin.
708,Nalani,Janeczek,njaneczekjn@hostgator.com,F,I am Nalani Janeczek.
709,Julieta,Langhorne,jlanghornejo@shareasale.com,F,I am Julieta Langhorne.
710,Biron,Sarchwell,bsarchwelljp@whitehouse.gov,M,I am Biron Sarchwell.
711,Sandra,McGrady,smcgradyjq@angelfire.com,F,I am Sandra McGrady.
712,Leonerd,Sisneros,lsisnerosjr@tiny.cc,M,I am Leonerd Sisneros.
713,Herculie,Canto,hcantojs@ucoz.ru,M,I am Herculie Canto.
714,Hillier,Keilloh,hkeillohjt@devhub.com,M,I am Hillier Keilloh.
715,Earlie,Lockier,elockierju@japanpost.jp,M,I am Earlie Lockier.
716,Matthias,Haswell,mhaswelljv@ezinearticles.com,M,I am Matthias Haswell.
717,Adler,Rosengart,arosengartjw@hibu.com,M,I am Adler Rosengart.
718,Devina,Sievewright,dsievewrightjx@mail.ru,F,I am Devina Sievewright.
719,Isidore,Wathan,iwathanjy@soup.io,M,I am Isidore Wathan.
720,Janis,Weafer,jweaferjz@tamu.edu,F,I am Janis Weafer.
721,Erick,Spirit,espiritk0@1und1.de,M,I am Erick Spirit.
722,Jessy,Domb,jdombk1@yellowpages.com,F,I am Jessy Domb.
723,Zelda,Shipcott,zshipcottk2@ox.ac.uk,F,I am Zelda Shipcott.
724,Orran,Nudds,onuddsk3@ucsd.edu,M,I am Orran Nudds.
725,Allister,Polino,apolinok4@histats.com,M,I am Allister Polino.
726,Marnia,Goublier,mgoublierk5@pbs.org,F,I am Marnia Goublier.
727,Rosy,Hawkey,rhawkeyk6@economist.com,F,I am Rosy Hawkey.
728,Dillie,Whitlock,dwhitlockk7@nature.com,M,I am Dillie Whitlock.
729,Hank,Walkowski,hwalkowskik8@accuweather.com,M,I am Hank Walkowski.
730,Aeriela,Donohoe,adonohoek9@cnn.com,F,I am Aeriela Donohoe.
731,Essa,Heare,eheareka@elpais.com,F,I am Essa Heare.
732,Gabbie,Jirus,gjiruskb@princeton.edu,M,I am Gabbie Jirus.
733,Luella,Kleinholz,lkleinholzkc@shinystat.com,F,I am Luella Kleinholz.
734,Riccardo,Cadden,rcaddenkd@pen.io,M,I am Riccardo Cadden.
735,Ede,Ranger,erangerke@about.me,F,I am Ede Ranger.
736,Cherey,Sercombe,csercombekf@msn.com,F,I am Cherey Sercombe.
737,Killian,Lambertz,klambertzkg@goodreads.com,M,I am Killian Lambertz.
738,Harriot,Vasilov,hvasilovkh@japanpost.jp,F,I am Harriot Vasilov.
739,Lynsey,McRobert,lmcrobertki@soundcloud.com,F,I am Lynsey McRobert.
740,Derby,Witul,dwitulkj@webnode.com,M,I am Derby Witul.
741,Fin,McNeice,fmcneicekk@clickbank.net,M,I am Fin McNeice.
742,Katherina,Gudahy,kgudahykl@princeton.edu,F,I am Katherina Gudahy.
743,Mehetabel,Kenningham,mkenninghamkm@flavors.me,F,I am Mehetabel Kenningham.
744,Ker,Eagleston,keaglestonkn@princeton.edu,M,I am Ker Eagleston.
745,Hanson,Buffy,hbuffyko@npr.org,M,I am Hanson Buffy.
746,Boyce,Younghusband,byounghusbandkp@nytimes.com,M,I am Boyce Younghusband.
747,Martyn,Danes,mdaneskq@biblegateway.com,M,I am Martyn Danes.
748,Hector,Demcak,hdemcakkr@about.me,M,I am Hector Demcak.
749,Jennette,Audenis,jaudenisks@51.la,F,I am Jennette Audenis.
750,Loren,Baddeley,lbaddeleykt@typepad.com,F,I am Loren Baddeley.
751,Olivier,Alentyev,oalentyevku@smh.com.au,M,I am Olivier Alentyev.
752,Jehu,Hafner,jhafnerkv@canalblog.com,M,I am Jehu Hafner.
753,Bobinette,Shaddock,bshaddockkw@fema.gov,F,I am Bobinette Shaddock.
754,Caspar,Tritten,ctrittenkx@mit.edu,M,I am Caspar Tritten.
755,Geraldine,Bamsey,gbamseyky@google.pl,F,I am Geraldine Bamsey.
756,Cazzie,Lowsely,clowselykz@tripod.com,M,I am Cazzie Lowsely.
757,Tedd,Peschke,tpeschkel0@time.com,M,I am Tedd Peschke.
758,Essa,Hembrow,ehembrowl1@vkontakte.ru,F,I am Essa Hembrow.
759,Bogey,Hubbuck,bhubbuckl2@fema.gov,M,I am Bogey Hubbuck.
760,Jethro,Ruggieri,jruggieril3@wisc.edu,M,I am Jethro Ruggieri.
761,Josee,Dawton,jdawtonl4@tinypic.com,F,I am Josee Dawton.
762,Dunc,January 1st,djanuarystl5@xing.com,M,I am Dunc January 1st.
763,Ado,Bradtke,abradtkel6@slashdot.org,M,I am Ado Bradtke.
764,Randy,Rumke,rrumkel7@webs.com,F,I am Randy Rumke.
765,Haily,Soreau,hsoreaul8@webmd.com,M,I am Haily Soreau.
766,Storm,Brear,sbrearl9@nba.com,F,I am Storm Brear.
767,Marcie,Kix,mkixla@usgs.gov,F,I am Marcie Kix.
768,Corrine,Chantillon,cchantillonlb@sakura.ne.jp,F,I am Corrine Chantillon.
769,Fifi,Burchett,fburchettlc@techcrunch.com,F,I am Fifi Burchett.
770,Kendall,Haulkham,khaulkhamld@businessweek.com,M,I am Kendall Haulkham.
771,Welch,Papen,wpapenle@soup.io,M,I am Welch Papen.
772,Marci,Ottiwill,mottiwilllf@barnesandnoble.com,F,I am Marci Ottiwill.
773,Lannie,Beyne,lbeynelg@flavors.me,M,I am Lannie Beyne.
774,Lester,Pottiphar,lpottipharlh@house.gov,M,I am Lester Pottiphar.
775,Estelle,Couche,ecoucheli@wix.com,F,I am Estelle Couche.
776,Megen,Hazard,mhazardlj@vimeo.com,F,I am Megen Hazard.
777,Germain,Filby,gfilbylk@free.fr,M,I am Germain Filby.
778,Avictor,Kaplin,akaplinll@yellowbook.com,M,I am Avictor Kaplin.
779,Ethelind,Naptine,enaptinelm@bigcartel.com,F,I am Ethelind Naptine.
780,Tony,Elijahu,telijahuln@de.vu,M,I am Tony Elijahu.
781,Tally,Leveret,tleveretlo@spiegel.de,M,I am Tally Leveret.
782,Wandie,Suthworth,wsuthworthlp@thetimes.co.uk,F,I am Wandie Suthworth.
783,Lucienne,Brothwell,lbrothwelllq@devhub.com,F,I am Lucienne Brothwell.
784,Meridith,Andreone,mandreonelr@webeden.co.uk,F,I am Meridith Andreone.
785,Nickolai,Cromarty,ncromartyls@seattletimes.com,M,I am Nickolai Cromarty.
786,Tulley,Larrie,tlarrielt@theguardian.com,M,I am Tulley Larrie.
787,Clareta,Turbill,cturbilllu@sciencedirect.com,F,I am Clareta Turbill.
788,Cherilynn,Jeavons,cjeavonslv@weebly.com,F,I am Cherilynn Jeavons.
789,Xylia,Muzzini,xmuzzinilw@columbia.edu,F,I am Xylia Muzzini.
790,Cher,Hulatt,chulattlx@alibaba.com,F,I am Cher Hulatt.
791,Lisabeth,Mattussevich,lmattussevichly@altervista.org,F,I am Lisabeth Mattussevich.
792,Brynn,MacMaykin,bmacmaykinlz@vistaprint.com,F,I am Brynn MacMaykin.
793,Austen,Wybrow,awybrowm0@hp.com,M,I am Austen Wybrow.
794,Rebe,Arnott,rarnottm1@flavors.me,F,I am Rebe Arnott.
795,Derek,Elcoate,delcoatem2@google.com.br,M,I am Derek Elcoate.
796,Devan,Akroyd,dakroydm3@ucla.edu,F,I am Devan Akroyd.
797,Alberik,Garnsey,agarnseym4@facebook.com,M,I am Alberik Garnsey.
798,Curry,Kale,ckalem5@gravatar.com,M,I am Curry Kale.
799,Irma,Coburn,icoburnm6@ca.gov,F,I am Irma Coburn.
800,Kirbee,Josephsen,kjosephsenm7@github.com,F,I am Kirbee Josephsen.
801,Devon,Tichelaar,dtichelaarm8@china.com.cn,F,I am Devon Tichelaar.
802,Walker,Klimczak,wklimczakm9@chron.com,M,I am Walker Klimczak.
803,Brittney,Tucknott,btucknottma@chicagotribune.com,F,I am Brittney Tucknott.
804,Ilsa,Paolino,ipaolinomb@bing.com,F,I am Ilsa Paolino.
805,Romy,Southwick,rsouthwickmc@ifeng.com,F,I am Romy Southwick.
806,Fredrika,Vaadeland,fvaadelandmd@ovh.net,F,I am Fredrika Vaadeland.
807,Guenevere,Copnar,gcopnarme@de.vu,F,I am Guenevere Copnar.
808,Emanuel,Sorey,esoreymf@goodreads.com,M,I am Emanuel Sorey.
809,Calla,Antoszewski,cantoszewskimg@symantec.com,F,I am Calla Antoszewski.
810,Cristi,Exeter,cexetermh@istockphoto.com,F,I am Cristi Exeter.
811,Irving,Downs,idownsmi@networkadvertising.org,M,I am Irving Downs.
812,Gaultiero,Zuann,gzuannmj@gravatar.com,M,I am Gaultiero Zuann.
813,Kasper,Shone,kshonemk@ucoz.com,M,I am Kasper Shone.
814,Marissa,Schubart,mschubartml@seesaa.net,F,I am Marissa Schubart.
815,Artemas,Jerrold,ajerroldmm@bravesites.com,M,I am Artemas Jerrold.
816,Elisabetta,Scougall,escougallmn@examiner.com,F,I am Elisabetta Scougall.
817,Isis,Cawston,icawstonmo@bigcartel.com,F,I am Isis Cawston.
818,Arnold,Gartin,agartinmp@twitter.com,M,I am Arnold Gartin.
819,Wat,Cowlishaw,wcowlishawmq@samsung.com,M,I am Wat Cowlishaw.
820,Cari,Vane,cvanemr@blinklist.com,F,I am Cari Vane.
821,Agneta,Duligall,aduligallms@howstuffworks.com,F,I am Agneta Duligall.
822,Dulcinea,Wollard,dwollardmt@storify.com,F,I am Dulcinea Wollard.
823,Humphrey,Dikes,hdikesmu@epa.gov,M,I am Humphrey Dikes.
824,Kalle,Alflatt,kalflattmv@ustream.tv,M,I am Kalle Alflatt.
825,Booth,Youtead,byouteadmw@mozilla.com,M,I am Booth Youtead.
826,Bryanty,Grelak,bgrelakmx@de.vu,M,I am Bryanty Grelak.
827,Gisele,Smitherman,gsmithermanmy@illinois.edu,F,I am Gisele Smitherman.
828,Pepito,Coppens,pcoppensmz@independent.co.uk,M,I am Pepito Coppens.
829,Russ,Briar,rbriarn0@ehow.com,M,I am Russ Briar.
830,Toinette,Morrell,tmorrelln1@tinyurl.com,F,I am Toinette Morrell.
831,Lilli,Meins,lmeinsn2@stumbleupon.com,F,I am Lilli Meins.
832,Amery,Le Grove,alegroven3@mashable.com,M,I am Amery Le Grove.
833,Frederich,Goulborn,fgoulbornn4@japanpost.jp,M,I am Frederich Goulborn.
834,Linn,Schulze,lschulzen5@linkedin.com,F,I am Linn Schulze.
835,Kori,O' Cloney,kocloneyn6@prnewswire.com,F,I am Kori O' Cloney.
836,Emmanuel,Argont,eargontn7@sciencedirect.com,M,I am Emmanuel Argont.
837,Dav,Orman,dormann8@ebay.co.uk,M,I am Dav Orman.
838,Rance,Borleace,rborleacen9@tmall.com,M,I am Rance Borleace.
839,Lorry,Eyers,leyersna@opera.com,M,I am Lorry Eyers.
840,Rosemary,Petriello,rpetriellonb@blog.com,F,I am Rosemary Petriello.
841,Enrique,Clinton,eclintonnc@soup.io,M,I am Enrique Clinton.
842,Culley,McInally,cmcinallynd@opera.com,M,I am Culley McInally.
843,Raffaello,Sheed,rsheedne@hibu.com,M,I am Raffaello Sheed.
844,Federico,Budd,fbuddnf@ucsd.edu,M,I am Federico Budd.
845,Jenni,Nelthorpe,jnelthorpeng@mysql.com,F,I am Jenni Nelthorpe.
846,Conchita,Jaspar,cjasparnh@scientificamerican.com,F,I am Conchita Jaspar.
847,Darby,Haily,dhailyni@wikipedia.org,M,I am Darby Haily.
848,Brian,Hesser,bhessernj@techcrunch.com,M,I am Brian Hesser.
849,Zebulen,Quincey,zquinceynk@prweb.com,M,I am Zebulen Quincey.
850,Reinald,Bulley,rbulleynl@washingtonpost.com,M,I am Reinald Bulley.
851,Eberhard,Vasilechko,evasilechkonm@cnet.com,M,I am Eberhard Vasilechko.
852,Lou,Osgorby,losgorbynn@zdnet.com,M,I am Lou Osgorby.
853,Augy,Choupin,achoupinno@dropbox.com,M,I am Augy Choupin.
854,Massimo,Battram,mbattramnp@reverbnation.com,M,I am Massimo Battram.
855,Gertrud,MacTague,gmactaguenq@sourceforge.net,F,I am Gertrud MacTague.
856,Shayne,Feehily,sfeehilynr@edublogs.org,M,I am Shayne Feehily.
857,Niven,Bessett,nbessettns@yale.edu,M,I am Niven Bessett.
858,Langston,Berndtsson,lberndtssonnt@dmoz.org,M,I am Langston Berndtsson.
859,Onfre,Iacovone,oiacovonenu@last.fm,M,I am Onfre Iacovone.
860,Herve,Lowten,hlowtennv@sina.com.cn,M,I am Herve Lowten.
861,Dru,Sepey,dsepeynw@europa.eu,M,I am Dru Sepey.
862,Anjela,Gundry,agundrynx@people.com.cn,F,I am Anjela Gundry.
863,Karel,Nutbeem,knutbeemny@geocities.jp,M,I am Karel Nutbeem.
864,Milty,Chipchase,mchipchasenz@delicious.com,M,I am Milty Chipchase.
865,Meggie,Dibble,mdibbleo0@sitemeter.com,F,I am Meggie Dibble.
866,Ariela,Avrahamoff,aavrahamoffo1@tinyurl.com,F,I am Ariela Avrahamoff.
867,Gilly,Montier,gmontiero2@mapy.cz,F,I am Gilly Montier.
868,Ethelin,Denyagin,edenyagino3@ifeng.com,F,I am Ethelin Denyagin.
869,Leann,Warwicker,lwarwickero4@abc.net.au,F,I am Leann Warwicker.
870,Lethia,Jonson,ljonsono5@whitehouse.gov,F,I am Lethia Jonson.
871,Vinnie,Humberstone,vhumberstoneo6@pagesperso-orange.fr,M,I am Vinnie Humberstone.
872,Meir,Esmonde,mesmondeo7@bloglines.com,M,I am Meir Esmonde.
873,Kamila,Gunda,kgundao8@bbb.org,F,I am Kamila Gunda.
874,Lancelot,Hardaker,lhardakero9@phoca.cz,M,I am Lancelot Hardaker.
875,Luciano,Bourdis,lbourdisoa@goo.ne.jp,M,I am Luciano Bourdis.
876,Ignaz,Reiners,ireinersob@chronoengine.com,M,I am Ignaz Reiners.
877,Augie,Bartoszewski,abartoszewskioc@engadget.com,M,I am Augie Bartoszewski.
878,Maddie,Gudgeon,mgudgeonod@list-manage.com,M,I am Maddie Gudgeon.
879,Pasquale,Simakov,psimakovoe@prweb.com,M,I am Pasquale Simakov.
880,Etti,Torricina,etorricinaof@fotki.com,F,I am Etti Torricina.
881,Moina,Halsall,mhalsallog@123-reg.co.uk,F,I am Moina Halsall.
882,Ariela,Blaby,ablabyoh@admin.ch,F,I am Ariela Blaby.
883,Hailee,Reboulet,hrebouletoi@wunderground.com,F,I am Hailee Reboulet.
884,Prentice,Gravells,pgravellsoj@paginegialle.it,M,I am Prentice Gravells.
885,Scotti,Dymick,sdymickok@mit.edu,M,I am Scotti Dymick.
886,Cris,Nicholes,cnicholesol@sakura.ne.jp,F,I am Cris Nicholes.
887,Mar,Ashling,mashlingom@yandex.ru,M,I am Mar Ashling.
888,Brandy,Fernier,bfernieron@miibeian.gov.cn,F,I am Brandy Fernier.
889,Ayn,Schulze,aschulzeoo@wp.com,F,I am Ayn Schulze.
890,Robinette,Rain,rrainop@prlog.org,F,I am Robinette Rain.
891,Reine,Athey,ratheyoq@nps.gov,F,I am Reine Athey.
892,Stacy,Morgen,smorgenor@shop-pro.jp,F,I am Stacy Morgen.
893,Maegan,Syseland,msyselandos@google.co.uk,F,I am Maegan Syseland.
894,Renard,O'Corren,rocorrenot@hibu.com,M,I am Renard O'Corren.
895,Alyss,Ollet,aolletou@wiley.com,F,I am Alyss Ollet.
896,Spike,Pitney,spitneyov@stumbleupon.com,M,I am Spike Pitney.
897,Doloritas,Fritschel,dfritschelow@nydailynews.com,F,I am Doloritas Fritschel.
898,Donn,Gladwin,dgladwinox@parallels.com,M,I am Donn Gladwin.
899,Nollie,Trobridge,ntrobridgeoy@spiegel.de,M,I am Nollie Trobridge.
900,Kirsti,Ruffell,kruffelloz@scribd.com,F,I am Kirsti Ruffell.
901,Brooke,Cuxson,bcuxsonp0@vimeo.com,F,I am Brooke Cuxson.
902,Llewellyn,McAirt,lmcairtp1@dedecms.com,M,I am Llewellyn McAirt.
903,Guntar,Deare,gdearep2@drupal.org,M,I am Guntar Deare.
904,Carson,Coppo,ccoppop3@icio.us,M,I am Carson Coppo.
905,Laurice,Sturman,lsturmanp4@prnewswire.com,F,I am Laurice Sturman.
906,Gannie,Benwell,gbenwellp5@hibu.com,M,I am Gannie Benwell.
907,Dorthea,Jiran,djiranp6@nps.gov,F,I am Dorthea Jiran.
908,Nicoline,Polsin,npolsinp7@taobao.com,F,I am Nicoline Polsin.
909,Hayley,Hempshall,hhempshallp8@dedecms.com,F,I am Hayley Hempshall.
910,Gifford,Lawlie,glawliep9@soundcloud.com,M,I am Gifford Lawlie.
911,Brien,Milward,bmilwardpa@marketwatch.com,M,I am Brien Milward.
912,Aluino,Foulstone,afoulstonepb@npr.org,M,I am Aluino Foulstone.
913,Bunni,Shelford,bshelfordpc@newyorker.com,F,I am Bunni Shelford.
914,Bartholomew,Velte,bveltepd@surveymonkey.com,M,I am Bartholomew Velte.
915,Morganica,McMennum,mmcmennumpe@sciencedirect.com,F,I am Morganica McMennum.
916,Nolie,Keunemann,nkeunemannpf@netscape.com,F,I am Nolie Keunemann.
917,Jill,Sparry,jsparrypg@arstechnica.com,F,I am Jill Sparry.
918,Terrell,Gerardot,tgerardotph@chron.com,M,I am Terrell Gerardot.
919,Dorine,Kynd,dkyndpi@google.pl,F,I am Dorine Kynd.
920,Dasya,Bunstone,dbunstonepj@google.fr,F,I am Dasya Bunstone.
921,Cristabel,Cowburn,ccowburnpk@indiegogo.com,F,I am Cristabel Cowburn.
922,Cad,Jollie,cjolliepl@gravatar.com,M,I am Cad Jollie.
923,Felicdad,Dammarell,fdammarellpm@livejournal.com,F,I am Felicdad Dammarell.
924,Laurence,Pendrey,lpendreypn@wunderground.com,M,I am Laurence Pendrey.
925,Elke,Bulbeck,ebulbeckpo@mozilla.org,F,I am Elke Bulbeck.
926,Westleigh,Pettendrich,wpettendrichpp@kickstarter.com,M,I am Westleigh Pettendrich.
927,Calvin,Grishechkin,cgrishechkinpq@samsung.com,M,I am Calvin Grishechkin.
928,Rebekah,Burchett,rburchettpr@ibm.com,F,I am Rebekah Burchett.
929,Kristina,MacCrachen,kmaccrachenps@flickr.com,F,I am Kristina MacCrachen.
930,Yettie,Mathes,ymathespt@mapquest.com,F,I am Yettie Mathes.
931,Kalvin,Scotti,kscottipu@netscape.com,M,I am Kalvin Scotti.
932,Riane,McCrillis,rmccrillispv@weather.com,F,I am Riane McCrillis.
933,Camala,Barthropp,cbarthropppw@hugedomains.com,F,I am Camala Barthropp.
934,Johnathon,Wandrack,jwandrackpx@house.gov,M,I am Johnathon Wandrack.
935,Salem,Penkethman,spenkethmanpy@ezinearticles.com,M,I am Salem Penkethman.
936,Mattias,Rennles,mrennlespz@github.com,M,I am Mattias Rennles.
937,Kathy,Bercevelo,kberceveloq0@xrea.com,F,I am Kathy Bercevelo.
938,Avigdor,Dedmam,adedmamq1@last.fm,M,I am Avigdor Dedmam.
939,Ulric,MacGinney,umacginneyq2@1688.com,M,I am Ulric MacGinney.
940,Hollyanne,Ebbing,hebbingq3@printfriendly.com,F,I am Hollyanne Ebbing.
941,Miguela,Kisting,mkistingq4@ebay.com,F,I am Miguela Kisting.
942,Bondy,Orred,borredq5@geocities.com,M,I am Bondy Orred.
943,Constantina,McKeran,cmckeranq6@kickstarter.com,F,I am Constantina McKeran.
944,Pavla,Egar,pegarq7@cisco.com,F,I am Pavla Egar.
945,Cynthea,Timby,ctimbyq8@earthlink.net,F,I am Cynthea Timby.
946,Ewan,Crunden,ecrundenq9@forbes.com,M,I am Ewan Crunden.
947,Meara,Baroche,mbarocheqa@howstuffworks.com,F,I am Meara Baroche.
948,Averil,Ponsford,aponsfordqb@sfgate.com,F,I am Averil Ponsford.
949,Elfreda,Threader,ethreaderqc@army.mil,F,I am Elfreda Threader.
950,Gertruda,Jahnel,gjahnelqd@theguardian.com,F,I am Gertruda Jahnel.
951,Wendell,Porson,wporsonqe@blogspot.com,M,I am Wendell Porson.
952,Keslie,Puddephatt,kpuddephattqf@slideshare.net,F,I am Keslie Puddephatt.
953,Garvy,Dwane,gdwaneqg@sbwire.com,M,I am Garvy Dwane.
954,Rip,Bottrill,rbottrillqh@shinystat.com,M,I am Rip Bottrill.
955,Tarrah,Regan,treganqi@vimeo.com,F,I am Tarrah Regan.
956,Mercy,Machans,mmachansqj@soup.io,F,I am Mercy Machans.
957,Matthieu,Mechi,mmechiqk@thetimes.co.uk,M,I am Matthieu Mechi.
958,Buckie,Kabos,bkabosql@latimes.com,M,I am Buckie Kabos.
959,Harlene,Schooling,hschoolingqm@weibo.com,F,I am Harlene Schooling.
960,Trefor,Pashan,tpashanqn@diigo.com,M,I am Trefor Pashan.
961,Konrad,Landeg,klandegqo@issuu.com,M,I am Konrad Landeg.
962,Ora,Merwede,omerwedeqp@cmu.edu,F,I am Ora Merwede.
963,Arvin,Sambles,asamblesqq@example.com,M,I am Arvin Sambles.
964,Denny,Slatford,dslatfordqr@elegantthemes.com,F,I am Denny Slatford.
965,Leigha,Dix,ldixqs@ed.gov,F,I am Leigha Dix.
966,Renado,Merwood,rmerwoodqt@blinklist.com,M,I am Renado Merwood.
967,Nicki,Witchell,nwitchellqu@princeton.edu,F,I am Nicki Witchell.
968,Stanleigh,McReedy,smcreedyqv@furl.net,M,I am Stanleigh McReedy.
969,Morly,Oldale,moldaleqw@homestead.com,M,I am Morly Oldale.
970,Christalle,O'Hoey,cohoeyqx@yandex.ru,F,I am Christalle O'Hoey.
971,Yevette,Bernardotte,ybernardotteqy@instagram.com,F,I am Yevette Bernardotte.
972,Sabine,Allen,sallenqz@cornell.edu,F,I am Sabine Allen.
973,Kariotta,Langfitt,klangfittr0@uiuc.edu,F,I am Kariotta Langfitt.
974,Missie,Wookey,mwookeyr1@home.pl,F,I am Missie Wookey.
975,Hillary,Itzcovich,hitzcovichr2@ovh.net,M,I am Hillary Itzcovich.
976,Dolf,Turnbull,dturnbullr3@hostgator.com,M,I am Dolf Turnbull.
977,Gracie,Wevell,gwevellr4@jimdo.com,F,I am Gracie Wevell.
978,Vaughn,Childs,vchildsr5@youku.com,M,I am Vaughn Childs.
979,Wain,Hugin,whuginr6@dedecms.com,M,I am Wain Hugin.
980,Carlene,Longhorne,clonghorner7@time.com,F,I am Carlene Longhorne.
981,Dallas,Callacher,dcallacherr8@hao123.com,M,I am Dallas Callacher.
982,Arlette,Durdle,adurdler9@nature.com,F,I am Arlette Durdle.
983,Ingamar,Jarrette,ijarrettera@biblegateway.com,M,I am Ingamar Jarrette.
984,Nicko,Garter,ngarterrb@addthis.com,M,I am Nicko Garter.
985,Trever,Dorie,tdorierc@tripod.com,M,I am Trever Dorie.
986,Katherina,Klulik,kklulikrd@bluehost.com,F,I am Katherina Klulik.
987,Adoree,Langsbury,alangsburyre@webs.com,F,I am Adoree Langsbury.
988,Vivi,Varga,vvargarf@un.org,F,I am Vivi Varga.
989,Amalita,O'Sculley,aosculleyrg@odnoklassniki.ru,F,I am Amalita O'Sculley.
990,Morey,Jouannin,mjouanninrh@timesonline.co.uk,M,I am Morey Jouannin.
991,Putnam,Elbourn,pelbournri@baidu.com,M,I am Putnam Elbourn.
992,Hagan,Jeannequin,hjeannequinrj@jimdo.com,M,I am Hagan Jeannequin.
993,Forrester,Pawlett,fpawlettrk@youku.com,M,I am Forrester Pawlett.
994,Lora,Sproul,lsproulrl@ning.com,F,I am Lora Sproul.
995,Gayle,Child,gchildrm@hud.gov,M,I am Gayle Child.
996,Margery,De Coursey,mdecourseyrn@walmart.com,F,I am Margery De Coursey.
997,Aldus,Gorden,agordenro@g.co,M,I am Aldus Gorden.
998,Howie,Lucas,hlucasrp@dropbox.com,M,I am Howie Lucas.
999,Orazio,Rosling,oroslingrq@redcross.org,M,I am Orazio Rosling.
1000,Sherm,MacCallester,smaccallesterrr@hp.com,M,I am Sherm MacCallester.
